HCH_005_081_000001	孔子曰：“与其不得中庸，必也狂狷乎！
HCH_005_081_000002	”又云：“狂者进取，狷者有所不为也。
HCH_005_081_000003	”此盖失于周全之道，而取诸偏至之端者也。
HCH_005_081_000004	然则有所不为，亦将有所必为者矣；既云进取，亦将有所不取者矣。
HCH_005_081_000005	如此，性尚分流，为否异适矣。
HCH_005_081_000006	中世偏行一介之夫，能成名立方者，盖亦众也。
HCH_005_081_000007	或志刚金石，而克扞于强御。
HCH_005_081_000008	或意严冬霜，而甘心于小谅。
HCH_005_081_000009	亦有结朋协好，幽明共心；蹈义陵险，死生等节。
HCH_005_081_000010	虽事非通圆，良其风轨，有足怀者。
HCH_005_081_000011	而情迹殊杂，难为条品；片辞特趣，不足区别。
HCH_005_081_000012	措之则事或有遗，载之则贯序无统。
HCH_005_081_000013	以其名体虽殊，而操行俱绝，故总为《独行篇》焉。
HCH_005_081_000014	庶备诸阙文，纪志漏脱云尔。
HCH_005_081_000015	谯玄
HCH_005_081_000016	谯玄字君黄，巴郡阆中人也。
HCH_005_081_000017	少好学，能说《 易 》、《 春秋 》。
HCH_005_081_000018	仕于州郡。
HCH_005_081_000019	成帝 永始二年 ，有日食之灾，乃诏举敦朴逊让、有行义者各一人。
HCH_005_081_000020	州举玄，诣公车，对策高第，拜议郎。
HCH_005_081_000021	帝始作期门，数为微行。
HCH_005_081_000022	立赵飞燕为皇后，后专宠怀忌，皇子多横夭。
HCH_005_081_000023	玄上书谏曰：“臣闻王者承天，继宗统极，保业延祚，莫急胤嗣。
HCH_005_081_000024	故《易》有干蛊之义，《诗》咏众多之福。
HCH_005_081_000025	今陛下圣嗣未立，天下属望，而不惟社稷之计，专念微行之事，爱幸用于所惑，曲意留于非正。
HCH_005_081_000026	窃闻后宫皇子，产而不育。
HCH_005_081_000027	臣闻之怛然，痛心伤剥，窃怀忧国，不忘须臾。
HCH_005_081_000028	夫警卫不修，则患生非常。
HCH_005_081_000029	忽有醉酒狂夫，分争道路。
HCH_005_081_000030	既无尊严之仪，岂识上下之别！
HCH_005_081_000031	此为胡狄起于毂下，而贼乱发于左右也。
HCH_005_081_000032	愿陛下念天下之至重，爱金玉之身，均九女之施，存无穷之福，天下幸甚。
HCH_005_081_000033	”
HCH_005_081_000034	时，数有灾异，玄辄陈其变。
HCH_005_081_000035	既不省纳，故久稽郎官。
HCH_005_081_000036	后迁太常丞，以弟服去职。
HCH_005_081_000037	平帝 元始元年 ，日食，又诏公卿举敦朴直言。
HCH_005_081_000038	大鸿胪左咸举玄诣公车对策，复拜议郎，迁中散大夫。
HCH_005_081_000039	四年，选明达政事、能班化风俗者八人。
HCH_005_081_000040	时并举玄，为绣衣使者，持节，与太仆王恽等分行天下，观览风俗，所至专行诛赏。
HCH_005_081_000041	事未及终，而王莽居摄，玄于是纵使者车，变易姓名，间窜归家，因以隐遁。
HCH_005_081_000042	后公孙述僭号于蜀，连聘不诣。
HCH_005_081_000043	述乃遣使者备礼征之；若玄不肯起，便赐以毒药。
HCH_005_081_000044	太守乃自赍玺书至玄庐，曰：“君高节已著，朝廷垂意，诚不宜复辞，自招凶祸。
HCH_005_081_000045	”玄仰天叹曰：“唐尧大圣，许由耻仕；周武至德，伯夷守饿。
HCH_005_081_000046	彼独何人，我亦何人。
HCH_005_081_000047	保志全高，死亦奚恨！
HCH_005_081_000048	”遂受毒药。
HCH_005_081_000049	玄子瑛泣血叩头于太守曰：“方今国家，东有严敌，兵师四出。
HCH_005_081_000050	国用军资，或不常充足。
HCH_005_081_000051	愿奉家钱千万，以赎父死。
HCH_005_081_000052	”太守为请，述听许之。
HCH_005_081_000053	玄遂隐藏田野，终述之世。
HCH_005_081_000054	时，兵戈累年，莫能修尚学业，玄独训诸子勤习经书。
HCH_005_081_000055	建武十一年 卒。
HCH_005_081_000056	明年，天下平定，玄弟庆以状诣阙自陈。
HCH_005_081_000057	光武美之，策诏本郡祠以中牢，敕所在还玄家钱。
HCH_005_081_000058	时，亦有犍为费贻，不肯仕述，乃漆身为厉，阳狂以避之，退藏山薮十余年。
HCH_005_081_000059	述破后，仕至合浦太守。
HCH_005_081_000060	瑛善说《易》，以授显宗，为北宫卫士令。
HCH_005_081_000061	李业
HCH_005_081_000062	李业字巨游，广汉梓潼人也。
HCH_005_081_000063	少有志操，介特。
HCH_005_081_000064	习《鲁诗》，师博士许晃。
HCH_005_081_000065	元始中，举明经，除为郎。
HCH_005_081_000066	会王莽居摄，业以病去官，杜门不应州郡之命。
HCH_005_081_000067	太守刘咸强召之，业乃载病诣门。
HCH_005_081_000068	咸怒，出教曰：“贤者不避害，譬犹彀弩射市，薄命者先死。
HCH_005_081_000069	闻业名称，故欲与之为治，而反托疾乎？
HCH_005_081_000070	”令诣狱养病，欲杀之。
HCH_005_081_000071	客有说咸曰：“赵杀鸣犊，孔子临河而逝。
HCH_005_081_000072	未闻求贤而胁以牢狱者也。
HCH_005_081_000073	”咸乃出之，因举方正。
HCH_005_081_000074	王莽以业为酒士，病不之官，遂隐藏山谷，绝匿名迹，终莽之世。
HCH_005_081_000075	及公孙述僭号，素闻业贤，征之，欲以为博士，业固疾不起。
HCH_005_081_000076	数年，述羞不致之，乃使大鸿胪尹融持毒酒、奉诏命以劫业：若起，则受公侯之位；不起，赐之以药。
HCH_005_081_000077	融譬旨曰：“方今天下分崩，孰知是非？
HCH_005_081_000078	而以区区之身，试于不测之渊乎！
HCH_005_081_000079	朝廷贪慕名德，旷官缺位，于今七年，四时珍御，不以忘君。
HCH_005_081_000080	宜上奉知己，下为子孙，身名俱全，不亦优乎！
HCH_005_081_000081	今数年不起，猜疑寇心，凶祸立加，非计之得者也。
HCH_005_081_000082	”业乃叹曰：“危国不入，乱国不居。
HCH_005_081_000083	亲于其身为不善者，义所不从。
HCH_005_081_000084	君子见危授命，何乃诱以高位重饵哉？
HCH_005_081_000085	”融见业辞志不屈，复曰：“宜呼室家计之。
HCH_005_081_000086	”业曰：“丈夫断之于心久矣，何妻、子之为？
HCH_005_081_000087	”遂饮毒而死。
HCH_005_081_000088	述闻业死，大惊，又耻有杀贤之名，乃遣使吊祠，赙赠百匹。
HCH_005_081_000089	业子翚，逃避不受。
HCH_005_081_000090	蜀平，光武下诏表其闾，《益部纪》载其高节，图画形象。
HCH_005_081_000091	初，平帝时，蜀郡王皓为美阳令，王嘉为郎。
HCH_005_081_000092	王莽篡位，并弃官西归。
HCH_005_081_000093	及公孙述称帝，遣使征皓、嘉，恐不至，遂先系其妻、子。
HCH_005_081_000094	使者谓嘉曰：“速装，妻、子可全。
HCH_005_081_000095	”对曰：“犬马犹识主，况于人乎！
HCH_005_081_000096	”王皓先自刎，以首付使者。
HCH_005_081_000097	述怒，遂诛皓家属。
HCH_005_081_000098	王嘉闻而叹曰：“后之哉！
HCH_005_081_000099	”乃对使者伏剑而死。
HCH_005_081_000100	是时，犍为任永及业同郡冯信，并好爱博古。
HCH_005_081_000101	公孙述连征命，待以高位，皆托青盲，以避世难。
HCH_005_081_000102	永妻淫于前，匿情无言；见子入井，忍而不救。
HCH_005_081_000103	信侍婢亦对信奸通。
HCH_005_081_000104	及闻述诛，皆盥洗更视曰：“世适平，目即清。
HCH_005_081_000105	”淫者自杀。
HCH_005_081_000106	光武闻而征之，并会病卒。
HCH_005_081_000107	刘茂
HCH_005_081_000108	刘茂字子卫，太原晋阳人也。
HCH_005_081_000109	少孤，独侍母居。
HCH_005_081_000110	家贫，以筋力致养，孝行著于乡里。
HCH_005_081_000111	及长，能习《礼经》，教授常数百人。
HCH_005_081_000112	哀帝时，察孝廉，再迁五原属国候，遭母忧去官。
HCH_005_081_000113	服竟后为沮阳令。
HCH_005_081_000114	会王莽篡位，茂弃官，避世弘农山中教授。
HCH_005_081_000115	建武二年 归，为郡门下掾。
HCH_005_081_000116	时，赤眉二十余万众攻郡县，杀长吏及府掾史。
HCH_005_081_000117	茂负太守孙福逾墙藏空穴中，得免。
HCH_005_081_000118	其暮，俱奔盂县。
HCH_005_081_000119	昼则逃隐，夜求粮食。
HCH_005_081_000120	积百余日，贼去，乃得归府。
HCH_005_081_000121	明年，诏书求天下义士。
HCH_005_081_000122	福言茂曰：“臣前为赤眉所攻，吏民坏死，奔走趣山。
HCH_005_081_000123	臣为贼所围，命如丝发，赖茂负臣逾城，出保盂县。
HCH_005_081_000124	茂与弟触冒兵刃，缘山负食，臣及妻子得度死命，节义尤高。
HCH_005_081_000125	宜蒙表擢，以厉义士。
HCH_005_081_000126	”诏书即征茂，拜议郎，迁宗正丞。
HCH_005_081_000127	后拜侍中，卒官。
HCH_005_081_000128	延平中，鲜卑数百余骑寇渔阳，太守张显率吏士追出塞，遥望虏营烟火，急趣之。
HCH_005_081_000129	兵马掾严授虑有伏兵，苦谏止，不听。
HCH_005_081_000130	显蹙令进，授不获已，前战，伏兵发，授身被十创，殁于阵。
HCH_005_081_000131	显拔刃追散兵，不能制，虏射中显，主簿卫福、功曹徐咸遽赴之，显遂堕马，福以身拥蔽，虏并杀之。
HCH_005_081_000132	朝廷愍授等节，诏书褒叹，厚加赏赐，各除子一人为郎中。
HCH_005_081_000133	永初二年 ，剧贼毕豪等入平原界，县令刘雄将吏士乘船追之。
HCH_005_081_000134	至厌次河，与贼合战。
HCH_005_081_000135	雄败，执雄，以矛刺之。
HCH_005_081_000136	时小吏所辅前叩头求哀，愿以身代雄。
HCH_005_081_000137	豪等纵雄而刺辅，贯心洞背即死。
HCH_005_081_000138	东郡太守捕得豪等，具以状上。
HCH_005_081_000139	诏书追伤之，赐钱二十万，除父奉为郎中。
HCH_005_081_000140	温序
HCH_005_081_000141	温序字次房，太原祁人也。
HCH_005_081_000142	仕州从事。
HCH_005_081_000143	建武二年 ，骑都尉弓里戍将兵平定北州，到太原，历访英俊大人，问以策谋。
HCH_005_081_000144	戍见序奇之，上疏荐焉。
HCH_005_081_000145	于是征为侍御史，迁武陵都尉，病免官。
HCH_005_081_000146	六年，拜谒者，迁护羌校尉。
HCH_005_081_000147	序行部至襄武，为隗嚣别将苟宇所拘劫。
HCH_005_081_000148	宇谓序曰：“子若与我并威同力，天下可图也。
HCH_005_081_000149	”序曰：“受国重任，分当效死，义不贪生、苟背恩德。
HCH_005_081_000150	”宇等复晓譬之。
HCH_005_081_000151	序素有气力，大怒，叱宇等曰：“虏何敢迫胁汉将！
HCH_005_081_000152	”因以节楇杀数人。
HCH_005_081_000153	贼众争欲杀之。
HCH_005_081_000154	宇止之曰：“此义士死节，可赐以剑。
HCH_005_081_000155	”序受剑，衔须于口，顾左右曰：“既为贼所迫杀，无令须污土。
HCH_005_081_000156	”遂伏剑而死。
HCH_005_081_000157	序主簿韩遵、从事王忠持尸归敛。
HCH_005_081_000158	光武闻而怜之，命忠送丧到洛阳，赐城傍为冢地，赙谷千斛、缣五百匹，除三子为郎中。
HCH_005_081_000159	长子寿，服竟为邹平侯相。
HCH_005_081_000160	梦序告之曰：“久客思乡里。
HCH_005_081_000161	”寿即弃官，上书乞骸骨归葬。
HCH_005_081_000162	帝许之，乃反旧茔焉。
HCH_005_081_000163	彭脩
HCH_005_081_000164	彭脩字子阳，会稽毘陵人也。
HCH_005_081_000165	年十五时，父为郡吏，得休，与脩俱归，道为盗所劫。
HCH_005_081_000166	脩困迫，乃拔佩刀前持盗帅曰：“父辱子死，卿不顾死邪？
HCH_005_081_000167	”盗相谓曰：“此童子义士也，不宜逼之。
HCH_005_081_000168	”遂辞谢而去。
HCH_005_081_000169	乡党称其名。
HCH_005_081_000170	后仕郡为功曹。
HCH_005_081_000171	时，西部都尉宰祐行太守事，以微过收吴县狱吏，将杀之。
HCH_005_081_000172	主簿钟离意争谏甚切，祐怒，使收缚意，欲案之，掾史莫敢谏。
HCH_005_081_000173	脩排阁直入，拜于庭，曰：“明府发雷霆于主薄，请闻其过。
HCH_005_081_000174	”祐曰：“受教三日，初不奉行，废命不忠，岂非过邪？
HCH_005_081_000175	”脩因拜曰：“昔任座面折文侯，硃云攀毁栏槛，自非贤君，焉得忠臣？
HCH_005_081_000176	今庆明府为贤君，主簿为忠臣。
HCH_005_081_000177	”祐遂原意罚，贳狱吏罪。
HCH_005_081_000178	后州辟从事。
HCH_005_081_000179	时，贼张子林等数百人作乱，郡言州，请脩守吴令。
HCH_005_081_000180	脩与太守俱出讨贼，贼望见车马，竞交射之，飞矢雨集。
HCH_005_081_000181	脩障扞太守，而为流矢所中死，太守得全。
HCH_005_081_000182	贼素闻其恩信，即杀弩中脩者，余悉降散。
HCH_005_081_000183	言曰：“自为彭君故降，不为太守服也。
HCH_005_081_000184	”
HCH_005_081_000185	索卢放
HCH_005_081_000186	索卢放字君阳，东郡人也。
HCH_005_081_000187	以《 尚书 》教授千余人。
HCH_005_081_000188	初署郡门下掾。
HCH_005_081_000189	更始时，使者督行郡国，太守有事，当就斩刑，放前言曰：“今天下所以苦毒王氏，归心皇汉者，实以圣政宽仁故也。
HCH_005_081_000190	而传车所过，未闻恩泽。
HCH_005_081_000191	太守受诛，诚不敢言，但恐天下惶惧，各生疑变。
HCH_005_081_000192	夫使功者不如使过，愿以身代太守之命。
HCH_005_081_000193	”遂前就斩。
HCH_005_081_000194	使者义而赦之，由是显名。
HCH_005_081_000195	建武六年 ，征为洛阳令，政有能名。
HCH_005_081_000196	以病乞身。
HCH_005_081_000197	徙谏议大夫，数纳忠言，后以疾去。
HCH_005_081_000198	建武末，复征不起，光武使人舆之，见于南宫云台，赐谷二千斛，遣归，除子为太子中庶子。
HCH_005_081_000199	卒于家。
HCH_005_081_000200	周嘉
HCH_005_081_000201	周嘉字惠文，汝南安城人也。
HCH_005_081_000202	高祖父燕，宣帝时为郡决曹掾。
HCH_005_081_000203	太守欲枉杀人，燕谏不听，遂杀囚而黜燕。
HCH_005_081_000204	囚家守阙称冤，诏遣复考。
HCH_005_081_000205	燕见太守曰：“愿谨定文书，皆著燕名，府君但言时病而已。
HCH_005_081_000206	”出谓掾史曰：“诸君被问，悉当以罪推燕。
HCH_005_081_000207	如有一言及于府君，燕手剑相刃。
HCH_005_081_000208	”使者乃收燕系狱。
HCH_005_081_000209	屡被掠楚，辞无屈桡。
HCH_005_081_000210	当下蚕室，乃叹曰：“我平王之后，正公玄孙，岂可以刀锯之余下见先君？
HCH_005_081_000211	”遂不食而死。
HCH_005_081_000212	燕有五子，皆至刺史、太守。
HCH_005_081_000213	嘉仕郡为主簿。
HCH_005_081_000214	王莽末，郡贼入汝阳城，嘉从太守何敞讨贼，敞为流矢所中，郡兵奔北，贼围绕数十重，白刃交集，嘉乃拥敞，以身扞之。
HCH_005_081_000215	因呵贼曰：“卿曹皆人隶也。
HCH_005_081_000216	为贼既逆，岂有还害其君者邪？
HCH_005_081_000217	嘉请以死赎君命。
HCH_005_081_000218	”因仰天号泣。
HCH_005_081_000219	群贼于是两两相视，曰：“此义士也！
HCH_005_081_000220	”给其车马，遣送之。
HCH_005_081_000221	后太守寇恂举为孝廉，拜尚书侍郎。
HCH_005_081_000222	光武引见，问以遭难之事。
HCH_005_081_000223	嘉对曰：“太守被伤，命悬寇手。
HCH_005_081_000224	臣实弩怯，不能死难。
HCH_005_081_000225	”帝曰：“此长者也。
HCH_005_081_000226	”诏嘉尚公主，嘉称病笃，不肯当。
HCH_005_081_000227	稍迁零陵太守，视事七年，卒。
HCH_005_081_000228	零陵颂其遗爱，吏民为立祠焉。
HCH_005_081_000229	嘉从弟暢，字伯持，性仁慈，为河南尹。
HCH_005_081_000230	永初二年 夏，旱，久祷无应，暢因收葬洛城傍客死骸骨，凡万余人。
HCH_005_081_000231	应时澎雨，岁乃丰稔。
HCH_005_081_000232	位至光禄勋。
HCH_005_081_000233	范式
HCH_005_081_000234	范式字巨卿，山阳金乡人也，一名汜。
HCH_005_081_000235	少游太学，为诸生，与汝南张劭为友。
HCH_005_081_000236	劭字元伯。
HCH_005_081_000237	二人并告归乡里。
HCH_005_081_000238	式谓元伯曰：“后二年当还，将过拜尊亲，见孺子焉。
HCH_005_081_000239	”乃共克期日。
HCH_005_081_000240	后期方至，元伯具以白母，请设馔以候之。
HCH_005_081_000241	母曰：“二年之别，千里结言，尔何相信之审邪？
HCH_005_081_000242	”对曰：“巨卿信士，必不乖违。
HCH_005_081_000243	”母曰：“若然，当为尔醞酒。
HCH_005_081_000244	”至其日，巨卿果到，升堂拜饮，尽欢而别。
HCH_005_081_000245	式仕为郡功曹。
HCH_005_081_000246	后元伯寝疾笃，同郡郅君章、殷子徵晨夜省视之。
HCH_005_081_000247	元伯临尽，叹曰：“恨不见吾死友！
HCH_005_081_000248	”子徵曰：“吾与君章尽心于子，是非死友，复欲谁求？
HCH_005_081_000249	”元伯曰：“若二子者，吾生友耳。
HCH_005_081_000250	山阳范巨卿，所谓死友也。
HCH_005_081_000251	”寻而卒。
HCH_005_081_000252	式忽梦见元伯玄冕垂缨屣履而呼曰：“巨卿，吾以某日死，当以尔时葬，永归黄泉。
HCH_005_081_000253	子未我忘，岂能相及？
HCH_005_081_000254	”式怳然觉寤，悲叹泣下，具告太守，请往奔丧。
HCH_005_081_000255	太守虽心不信而重违其情，许之。
HCH_005_081_000256	式便服朋友之服，投其葬日，驰往赴之。
HCH_005_081_000257	式未及到，而丧已发引，既至圹，将窆，而柩不肯进。
HCH_005_081_000258	其母抚之曰：“元伯，岂有望邪？
HCH_005_081_000259	”遂停柩移时，乃见有素车白马，号哭而来。
HCH_005_081_000260	其母望之曰：“是必范巨卿也。
HCH_005_081_000261	”巨卿既至，叩丧言曰：“行矣元伯！
HCH_005_081_000262	死生路异，永从此辞。
HCH_005_081_000263	”会葬者千人，咸为挥涕。
HCH_005_081_000264	式因执绋而引柩，于是乃前。
HCH_005_081_000265	式遂留止冢次，为修坟树，然后乃去。
HCH_005_081_000266	后到京师，受业太学。
HCH_005_081_000267	时诸生长沙陈平子亦同在学，与式未相见，而平子被病将亡，谓其妻曰：“吾闻山阳范巨卿，烈士也，可以托死。
HCH_005_081_000268	吾殁后，但以尸埋巨卿户前。
HCH_005_081_000269	”乃裂素为书，以遗巨卿。
HCH_005_081_000270	既终，妻从其言。
HCH_005_081_000271	时式出行适还，省书见瘗，怆然感之，向坟揖哭，以为死友。
HCH_005_081_000272	乃营护平子妻兒，身自送丧于临湘。
HCH_005_081_000273	未至四五里，乃委素书于柩上，哭别而去。
HCH_005_081_000274	其兄弟闻之，寻求不复见。
HCH_005_081_000275	长沙上计掾史到京师，上书表式行状，三府并辟，不应。
HCH_005_081_000276	举州茂才，四迁荆州刺史。
HCH_005_081_000277	友人南阳孔嵩，家贫亲老，乃变名姓，佣为新野县阿里街卒。
HCH_005_081_000278	式行部到新野，而县选嵩为导骑迎式。
HCH_005_081_000279	式见而识之，呼嵩，把臂谓曰：“子非孔仲山邪？
HCH_005_081_000280	”对之叹息，语及平生。
HCH_005_081_000281	曰：“昔与子俱曳长裾，游息帝学。
HCH_005_081_000282	吾蒙国恩，致位牧伯，而子怀道隐身，处于卒伍，不亦惜乎！
HCH_005_081_000283	”嵩曰：“侯嬴长守于贱业，晨门肆志于抱关。
HCH_005_081_000284	子欲居九夷，不患其陋。
HCH_005_081_000285	贫者士之宜，岂为鄙哉！
HCH_005_081_000286	”式敕县代嵩，嵩以为先佣未竟，不肯去。
HCH_005_081_000287	嵩在阿里，正身厉行，街中子弟，皆服其训化。
HCH_005_081_000288	遂辟公府。
HCH_005_081_000289	之京师，道宿下亭，盗共窃其马，寻问知其嵩也，乃相责让曰：“孔仲山善士，岂宜侵盗乎！
HCH_005_081_000290	”于是送马谢之。
HCH_005_081_000291	嵩官至南海太守。
HCH_005_081_000292	式后迁庐江太守，有威名，卒于官。
HCH_005_081_000293	李善
HCH_005_081_000294	李善字次孙，南阳淯阳人也，本同县李元苍头也。
HCH_005_081_000295	建武中疫疾，元家相继死没，唯孤兒续始生数旬，而赀财千万，诸奴婢私共计议，欲谋杀续，分其财产。
HCH_005_081_000296	善深伤李氏而力不能制，乃潜负续逃去，隐山阳瑕丘界中， 亲自哺养， 乳为生湩。
HCH_005_081_000297	推燥居湿，备尝艰勤。
HCH_005_081_000298	续虽在孩抱，奉之不异长君，有事辄长跪请白，然后行之。
HCH_005_081_000299	闾里感其行，皆相率修义。
HCH_005_081_000300	续年十岁，善与归本县，修理旧业。
HCH_005_081_000301	告奴婢于长吏，悉收杀之。
HCH_005_081_000302	时钟离意为瑕丘令，上书荐善行状。
HCH_005_081_000303	光武诏拜善及续并为太子舍人。
HCH_005_081_000304	善显宗时辟公府，以能理剧，再迁日南太守。
HCH_005_081_000305	从京师之官，道经淯阳，过李元冢。
HCH_005_081_000306	未至一里，乃脱朝服，持锄去草。
HCH_005_081_000307	及拜墓，哭泣甚悲，身自炊爨，执鼎俎以修祭祀。
HCH_005_081_000308	垂泣曰：“君夫人，善在此。
HCH_005_081_000309	”尽哀，数日乃去。
HCH_005_081_000310	到官，以爱惠为政，怀来异俗。
HCH_005_081_000311	迁九江太守，未至，道病卒。
HCH_005_081_000312	续至河间相。
HCH_005_081_000313	王忳
HCH_005_081_000314	王忳字少林，广汉新都人也。
HCH_005_081_000315	忳尝诣京师，于空舍中见一书生疾困，愍而视之。
HCH_005_081_000316	书生谓忳曰：“我当到洛阳，而被病，命在须臾。
HCH_005_081_000317	腰下有金十斤，愿以相赠，死后乞藏骸骨。
HCH_005_081_000318	”未及问姓名而绝。
HCH_005_081_000319	忳即鬻金一斤，营其殡葬，余金悉置棺下，人无知者。
HCH_005_081_000320	后归数年，县署忳大度亭长。
HCH_005_081_000321	初到之日，有马驰入亭中而止。
HCH_005_081_000322	其日，大风飘一绣被，复堕忳前，即言之于县，县以归忳。
HCH_005_081_000323	忳后乘马到雒县，马遂奔走，牵忳入它舍。
HCH_005_081_000324	主人见之喜曰：“今禽盗矣。
HCH_005_081_000325	”问忳所由得马，忳具说其状，并及绣被。
HCH_005_081_000326	主人怅然良久，乃曰：“被随旋风，与马俱亡，卿何阴德而致此二物？
HCH_005_081_000327	”忳自念有葬书生之事，因说之，并道书生形貌及埋金处。
HCH_005_081_000328	主人大惊，号曰：“是我子也。
HCH_005_081_000329	姓金名彦。
HCH_005_081_000330	前往京师，不知所在，何意卿乃葬之。
HCH_005_081_000331	大恩久不报，天以此章卿德耳。
HCH_005_081_000332	”忳悉以被、马还之，彦父不取，又厚遗忳。
HCH_005_081_000333	忳辞让而去。
HCH_005_081_000334	时，彦父为州从事，因告新都令，假忳休，自与俱迎彦丧，余金俱存。
HCH_005_081_000335	忳由是显名。
HCH_005_081_000336	仕郡功曹，州治中从事。
HCH_005_081_000337	举茂才，除郿令。
HCH_005_081_000338	到官，至斄亭。
HCH_005_081_000339	亭长曰：“亭有鬼，数杀过客，不可宿也。
HCH_005_081_000340	”忳曰：“仁胜凶邪，德除不祥，何鬼之避！
HCH_005_081_000341	”即入亭止宿。
HCH_005_081_000342	夜中闻有女子称冤之声。
HCH_005_081_000343	忳咒曰：“有何枉状，可前求理乎？
HCH_005_081_000344	”女子曰：“无衣，不敢进。
HCH_005_081_000345	”忳便投衣与之。
HCH_005_081_000346	女子乃前诉曰：“妾夫为涪令，之官过宿此亭，亭长无状，贼杀妾家十余口，埋在楼下，悉取财货。
HCH_005_081_000347	”忳问亭长姓名。
HCH_005_081_000348	女子曰：“即今门下游徼者也。
HCH_005_081_000349	”忳曰：“汝何故数杀过客？
HCH_005_081_000350	”对曰：“妾不得白日自诉，每夜陈冤，客辄眠不见应，不胜感恚，故杀之。
HCH_005_081_000351	”忳曰：“当为汝理此冤，勿复杀良善也。
HCH_005_081_000352	”因解衣于地，忽然不见，明旦召游徼诘问，具服罪，即收系，及同谋十余人悉伏辜。
HCH_005_081_000353	遣吏送其丧归乡里，于是亭遂清安。
HCH_005_081_000354	张武
HCH_005_081_000355	张武者，吴郡由拳人也。
HCH_005_081_000356	父业，郡门下掾，送太守妻、子还乡里，至河内亭，盗夜劫之，业与贼战死，遂亡失尸骸。
HCH_005_081_000357	武时年幼，不及识父。
HCH_005_081_000358	后之太学受业，每节，常持父遗剑，至亡处祭醊，泣而还。
HCH_005_081_000359	太守第五伦嘉其行，举孝廉。
HCH_005_081_000360	遭母丧过毁，伤父魂灵不返，因哀恸绝命。
HCH_005_081_000361	陆续
HCH_005_081_000362	陆续字智初，会稽吴人也。
HCH_005_081_000363	世为族姓。
HCH_005_081_000364	祖父闳，字子春，建武中为尚书令。
HCH_005_081_000365	美姿貌，喜着越布单衣，光武见而好之，自是常敕会稽郡献越布。
HCH_005_081_000366	续幼孤，仕郡户曹史。
HCH_005_081_000367	时岁荒民饥，太守尹兴使续于都亭赋民饘粥。
HCH_005_081_000368	续悉简阅其民，讯以名氏。
HCH_005_081_000369	事毕，兴问所食几何？
HCH_005_081_000370	续因口说六百余人，皆分别姓字，无有差谬。
HCH_005_081_000371	兴异之。
HCH_005_081_000372	刺史行部，见续，辟为别驾从事。
HCH_005_081_000373	以病去，还为郡门下掾。
HCH_005_081_000374	是时，楚王英谋反，阴疏天下善士。
HCH_005_081_000375	及楚事觉，显宗得其录，有尹兴名，乃征兴诣廷尉狱。
HCH_005_081_000376	续与主簿梁宏、功曹史驷勋及掾史五百余人诣洛阳诏狱就考，诸吏不堪痛楚，死者大半。
HCH_005_081_000377	唯续、宏、勋掠考五毒，肌肉消烂，终无异辞。
HCH_005_081_000378	续母远至京师，觇候消息，狱事特急，无缘与续相闻，母但作馈食，付门卒以进之，续虽见考苦毒，而辞色慷慨，未尝易容，唯对食悲泣，不能自胜。
HCH_005_081_000379	使者怪而问其故。
HCH_005_081_000380	续曰：“母来，不得相见，故泣耳。
HCH_005_081_000381	”使者大怒，以为门卒通传意气，召将案之。
HCH_005_081_000382	续曰：“因食饷羹，识母所自调和，故知来耳。
HCH_005_081_000383	非人告也。
HCH_005_081_000384	”使者问：“何以知母所作乎？
HCH_005_081_000385	”续曰：“母尝截肉，未尝不方，断葱以寸为度，是以知之。
HCH_005_081_000386	”使者问诸谒舍，续母果来，于是阴嘉之，上书说续行状。
HCH_005_081_000387	帝即赦兴等事，还乡里，禁锢终身。
HCH_005_081_000388	续以老病卒。
HCH_005_081_000389	长子稠，广陵太守，有理名。
HCH_005_081_000390	中子逢，乐安太守。
HCH_005_081_000391	少子褒，力行好学，不慕荣名，连征不就。
HCH_005_081_000392	褒子康，已见 前传 。
HCH_005_081_000393	戴封
HCH_005_081_000394	戴封字平仲，济北刚人也。
HCH_005_081_000395	年十五，诣太学，师事鄮令东海申君。
HCH_005_081_000396	申君卒，送丧到东海，道当经其家。
HCH_005_081_000397	父母以封当还，豫为娶妻。
HCH_005_081_000398	封暂过拜亲，不宿而去。
HCH_005_081_000399	还京师卒业。
HCH_005_081_000400	时同学石敬平温病卒，封养视殡敛，以所赍粮市小棺，送丧到家。
HCH_005_081_000401	家更敛，见敬平行时书物皆在棺中，乃大异之。
HCH_005_081_000402	封后遇贼，财物悉被略夺，唯余缣七匹，贼不知处，封乃追以与之，曰：“知诸君乏，故送相遗。
HCH_005_081_000403	”贼惊曰：“此贤人也。
HCH_005_081_000404	”尽还其器物。
HCH_005_081_000405	后举孝廉，光禄主事，遭伯父丧去官。
HCH_005_081_000406	诏书求贤良方正直言之士、有至行能消灾伏异者，公卿郡守各举一人。
HCH_005_081_000407	郡及大司农俱举封。
HCH_005_081_000408	公车征，陛见，对策第一，擢拜议郎。
HCH_005_081_000409	迁西华令。
HCH_005_081_000410	时汝、颍有蝗灾，独不入西华界。
HCH_005_081_000411	时督邮行县，蝗忽大至。
HCH_005_081_000412	督邮其日即去，蝗亦顿除，一境奇之。
HCH_005_081_000413	其年大旱，封祷请无获，乃积薪坐其上以自焚。
HCH_005_081_000414	火起而大雨暴至，于是远近叹服。
HCH_005_081_000415	迁中山相。
HCH_005_081_000416	时诸县囚四百余人，辞状已定，当行刑。
HCH_005_081_000417	封哀之，皆遣归家，与克期日，皆无违者。
HCH_005_081_000418	诏书策美焉。
HCH_005_081_000419	永元十二年 ，征拜太常，卒官。
HCH_005_081_000420	李充
HCH_005_081_000421	李充字大逊，陈留人也。
HCH_005_081_000422	家贫，兄弟六人同食递衣。
HCH_005_081_000423	妻窃谓充曰：“今贫居如此，难以久安。
HCH_005_081_000424	妾有私财，愿思分异。
HCH_005_081_000425	”充伪酬之曰：“如欲别居，当醖酒具会，请呼乡里内外，共议其事。
HCH_005_081_000426	”妇从充置酒晏客。
HCH_005_081_000427	充于坐中前跪曰母曰：“此妇无状，而教充离间母兄，罪合遣斥。
HCH_005_081_000428	”便呵叱其妇，逐令出门，妇衔涕而去。
HCH_005_081_000429	坐中惊肃，因遂罢散。
HCH_005_081_000430	充后遭母丧，行服墓次，人有盗其墓树者，充手自杀之。
HCH_005_081_000431	服阕，立精舍讲授。
HCH_005_081_000432	太守鲁平请署功曹，不就。
HCH_005_081_000433	平怒，乃援充以捐沟中，因谪署县都亭长。
HCH_005_081_000434	不得已，起亲职役。
HCH_005_081_000435	后和帝公车征，不行。
HCH_005_081_000436	延平中，诏公卿、中二千石各举隐士大儒，务取高行，以劝后进，特征充为博士。
HCH_005_081_000437	时鲁平亦为博士，每与集会，常叹服焉。
HCH_005_081_000438	充迁侍中。
HCH_005_081_000439	大将军邓骘贵戚倾时，无所下借，以充高节，每卑敬之。
HCH_005_081_000440	尝置酒请充，宾客满堂，酒酣，骘跪曰：“幸托椒房，位列上将。
HCH_005_081_000441	幕府初开，欲辟天下奇伟，以匡不逮，惟诸君博求其器。
HCH_005_081_000442	”充乃为陈海内隐居怀道之士，颇有不合，骘欲绝其说，以肉啖之。
HCH_005_081_000443	充抵肉于地，曰：“说士犹甘于肉！
HCH_005_081_000444	”遂出，径去。
HCH_005_081_000445	骘甚望之。
HCH_005_081_000446	同坐汝南张孟举往让充曰：“一日闻足下与邓将军说士未究，激刺面折，不由中和，出言之责，非所以光祚子孙者也。
HCH_005_081_000447	”充曰：“大丈夫居世，贵行其意，何能远为子孙计哉！
HCH_005_081_000448	”由是见非于贵戚。
HCH_005_081_000449	迁左中郎将，年八十八，为国三老。
HCH_005_081_000450	安帝常特进见，赐以几杖。
HCH_005_081_000451	卒于家。
HCH_005_081_000452	缪肜
HCH_005_081_000453	缪肜字豫公，汝南召陵人也。
HCH_005_081_000454	少孤，兄弟四人，皆同财业。
HCH_005_081_000455	及各娶妻，诸妇遂求分异，又数有斗争之言。
HCH_005_081_000456	肜深怀愤叹，乃掩户自挝曰：“缪肜，汝修身谨行，学圣人之法，将以齐整风俗，奈何不能正其家乎！
HCH_005_081_000457	”弟及诸妇闻之，悉叩头谢罪，遂更为敦睦之行。
HCH_005_081_000458	仕县为主簿。
HCH_005_081_000459	时县令被章见考，吏皆畏惧自诬，而肜独证据其事。
HCH_005_081_000460	掠考苦毒，至乃体生虫蛆，因复传换五狱，逾涉四年，令卒以自免。
HCH_005_081_000461	太守陇西梁湛召为决曹史。
HCH_005_081_000462	安帝初，湛病卒官，肜送丧还陇西。
HCH_005_081_000463	始葬，会西羌反叛，湛妻、子悉避乱它郡，肜独留不去，为起坟冢。
HCH_005_081_000464	乃潜穿井旁以为窟室，昼则隐窜，夜则负土，及贼平而坟已立。
HCH_005_081_000465	其妻、子意肜已死，还见大惊。
HCH_005_081_000466	关西咸称传之，共给车马衣资，肜不受而归乡里。
HCH_005_081_000467	辟公府，举尤异，迁中牟令。
HCH_005_081_000468	县近京师，多权豪。
HCH_005_081_000469	肜到，诛诸奸吏及托名贵戚宾客者百有余人，威名遂行。
HCH_005_081_000470	卒于官。
HCH_005_081_000471	陈重
HCH_005_081_000472	陈重字景公，豫章宜春人也。
HCH_005_081_000473	少与同郡雷义为友，俱学《鲁诗》、《颜氏春秋》。
HCH_005_081_000474	太守张云举重孝廉，重以让义，前后十余通记，云不听。
HCH_005_081_000475	义明年举孝廉，重与俱在郎署。
HCH_005_081_000476	有同署郎负息钱数十万，责主日至，诡求无已，重乃密以钱代还。
HCH_005_081_000477	郎后觉知而厚辞谢之。
HCH_005_081_000478	重曰：“非我之为，将有同姓名者。
HCH_005_081_000479	”终不言惠。
HCH_005_081_000480	又同舍郎有告归宁者，误持邻舍郎绔以去。
HCH_005_081_000481	主疑重所取，重不自申说，而市绔以偿之。
HCH_005_081_000482	后宁丧者归，以绔还主，其事乃显。
HCH_005_081_000483	重后与义俱拜尚书郎，义代同时人受罪，以此黜退。
HCH_005_081_000484	重见义去，亦以病免。
HCH_005_081_000485	后举茂才，除细阳令。
HCH_005_081_000486	政有异化，举尤异，当迁为会稽太守，遭姊忧去官。
HCH_005_081_000487	后为司徒所辟，拜侍御史，卒。
HCH_005_081_000488	雷义
HCH_005_081_000489	雷义字仲公，豫章鄱阳人也。
HCH_005_081_000490	初为郡功曹，尝擢举善人，不伐其功。
HCH_005_081_000491	义尝济人死罪，罪者后以金二斤谢之，义不受。
HCH_005_081_000492	金主伺义不在，默投金于承尘上。
HCH_005_081_000493	后葺理屋宇，乃得之。
HCH_005_081_000494	金主已死，无所复还，义乃以付县曹。
HCH_005_081_000495	后举孝廉，拜尚书侍郎，有同时郎坐事，当居刑作。
HCH_005_081_000496	义默自表取其罪，以此论司寇。
HCH_005_081_000497	同台郎觉之，委位自上，乞赎义罪。
HCH_005_081_000498	顺帝诏皆除刑。
HCH_005_081_000499	义归，举茂才，让于陈重，刺史不听，义遂阳狂被发走，不应命。
HCH_005_081_000500	乡里为之语曰：“胶漆自谓坚，不如雷与陈。
HCH_005_081_000501	”三府同时俱辟二人。
HCH_005_081_000502	义遂为守灌谒者。
HCH_005_081_000503	使持节督郡国行风俗，太守令长坐者凡七十人。
HCH_005_081_000504	旋拜侍御史，除南顿令，卒官。
HCH_005_081_000505	子授，官至苍梧太守。
HCH_005_081_000506	范冉
HCH_005_081_000507	范冉字史云，陈留外黄人也。
HCH_005_081_000508	少为县小吏，年十八，奉檄迎督邮，冉耻之，乃遁去。
HCH_005_081_000509	到南阳，受业于樊英。
HCH_005_081_000510	又游三辅，就马融通经，历年乃还。
HCH_005_081_000511	冉好违时绝俗，为激诡之行。
HCH_005_081_000512	常慕梁伯鸾、闵仲叔之为人。
HCH_005_081_000513	与汉中李固、河内王奂亲善，而鄙贾伟节、郭林宗焉。
HCH_005_081_000514	奂后为考城令，境接外黄，屡遣书请冉，冉不至。
HCH_005_081_000515	及奂迁汉阳太守，将行，冉乃与弟协步赍麦酒，于道侧设坛以待之。
HCH_005_081_000516	冉见奂车徒骆驿，遂不自闻，惟与弟共辩论于路。
HCH_005_081_000517	奂识其声，即下车与相揖对。
HCH_005_081_000518	奂曰：“行路仓卒，非陈契阔之所，可共到前亭宿息，以叙分隔。
HCH_005_081_000519	”冉曰：“子前在考城，思欲相从，以贱质自绝豪友耳。
HCH_005_081_000520	今子远适千里，会面无期，故轻行相候，以展诀别。
HCH_005_081_000521	如其相追，将有慕贵之讥矣。
HCH_005_081_000522	”便起告违，拂衣而去。
HCH_005_081_000523	奂瞻望弗及，冉长逝不顾。
HCH_005_081_000524	桓帝时，以冉为莱芜长，遭母忧，不到官。
HCH_005_081_000525	后辟太尉府，以狷急不能从俗，常佩韦于朝。
HCH_005_081_000526	议者欲以为侍御史，因遁身逃命于梁沛之间，徒行敝服，卖卜于市。
HCH_005_081_000527	遭党人禁锢，遂推鹿车，载妻子，捃拾自资。
HCH_005_081_000528	或寓息客庐，或依宿树廕。
HCH_005_081_000529	如此十余年，乃结草室而居焉。
HCH_005_081_000530	所止单陋，有时粮粒尽，穷居自若，言貌无改。
HCH_005_081_000531	闾里歌之曰：“甑中生尘范史云，釜中生鱼范莱芜。
HCH_005_081_000532	”
HCH_005_081_000533	及党禁解，为三府所辟，乃应司空命。
HCH_005_081_000534	是时西羌反叛，黄巾作难，制诸府掾属，不得妄有去就。
HCH_005_081_000535	冉首自劾退，诏书特原不理罪。
HCH_005_081_000536	又辟太尉府，以疾不行。
HCH_005_081_000537	中平二年 ，年七十四，卒于家。
HCH_005_081_000538	临命遗令敕其子曰：“吾生于昏暗之世，值乎淫侈之俗，生不得匡世济时，死何忍自同于世！
HCH_005_081_000539	气绝便敛，敛以时服，衣足蔽形，棺足周身，敛毕便穿，穿毕便埋。
HCH_005_081_000540	其明堂之奠，干饭寒水，饮食之物，勿有所下。
HCH_005_081_000541	坟封高下，令足自隐。
HCH_005_081_000542	知我心者，李子坚、王子炳也。
HCH_005_081_000543	今皆不在，制之在尔，勿令乡人宗亲有所加也。
HCH_005_081_000544	”于是三府各遣令史奔吊。
HCH_005_081_000545	大将军何进移书陈留太守，累行论谥，佥曰宜为贞节先生。
HCH_005_081_000546	会葬者二千余人，刺史郡守各为立碑表墓焉。
HCH_005_081_000547	戴就
HCH_005_081_000548	戴就字景成，会稽上虞人也。
HCH_005_081_000549	仕郡仓曹掾，杨州刺史欧阳参奏太守成公浮臧罪，遣部从事薛安案仓库簿领，收就于钱唐县狱。
HCH_005_081_000550	幽囚考掠，五毒参至。
HCH_005_081_000551	就慷慨直辞，色不变容。
HCH_005_081_000552	又烧鋘斧，使就挟于肘腋。
HCH_005_081_000553	就语狱卒：“可熟烧斧，勿令冷。
HCH_005_081_000554	”每上彭考，因止饭食不肯下，肉焦毁墯地者，掇而食之。
HCH_005_081_000555	主者穷竭酷惨，无复余方，乃卧就覆船下，以马通薰之。
HCH_005_081_000556	一夜二日，皆谓已死，发船视之，就方张眼大骂曰：“何不益火，而使灭绝！
HCH_005_081_000557	”又复烧地，以大针刺指爪中，使以把土，爪悉墯落。
HCH_005_081_000558	主者以状白安，安呼见就，谓曰：“太守罪秽狼藉，受命考实，君何故以骨肉拒B473邪？
HCH_005_081_000559	”就据地答言：“太守剖符大臣，当以死报国。
HCH_005_081_000560	卿虽衔命，固宜申断冤毒，奈何诬枉忠良，强相掠理，令臣谤其君，子证其父！
HCH_005_081_000561	薛安庸騃，忸行无义，就考死之日，当白之于天，与群鬼杀汝于亭中。
HCH_005_081_000562	如蒙生全，当手刃相裂！
HCH_005_081_000563	”安深奇其壮节，即解械，更与美谈，表其言辞，解释郡事。
HCH_005_081_000564	征浮还京师，免归乡里。
HCH_005_081_000565	太守刘宠举就孝廉，光禄主事，病卒。
HCH_005_081_000566	赵苞
HCH_005_081_000567	赵苞字威豪，甘陵东武城人。
HCH_005_081_000568	从兄忠，为中常侍，苞深耻其门族有宦官名势，不与忠交通。
HCH_005_081_000569	初仕州郡，举孝廉，再迁广陵令。
HCH_005_081_000570	视事三年，政教清明，郡表其状，迁辽西太守。
HCH_005_081_000571	抗厉威严，名振边俗。
HCH_005_081_000572	以到官明年，遣使迎母及妻子，垂当到郡，道经柳城，值鲜卑万余人入塞寇钞，苞母及妻子遂为所劫质，载以击郡。
HCH_005_081_000573	苞率步骑二万，与贼对阵。
HCH_005_081_000574	贼出母以示苞，苞悲号谓母曰：“为子无状，欲以微禄奉养朝夕，不图为母作祸。
HCH_005_081_000575	昔为母子，今为王臣，义不得顾私恩、毁忠节，唯当万死，无以塞罪。
HCH_005_081_000576	”母遥谓曰：“威豪，人各有命，何得相顾，以亏忠义！
HCH_005_081_000577	昔王陵母对汉使伏剑，以固其志，尔其勉之。
HCH_005_081_000578	”苞即时进战，贼悉摧破，其母妻皆为所害。
HCH_005_081_000579	苞殡敛母毕，自上归葬。
HCH_005_081_000580	灵帝遣策吊慰，封鄃侯。
HCH_005_081_000581	苞葬讫，谓乡人曰：“食禄而避难，非忠也；杀母以全义，非孝也。
HCH_005_081_000582	如是，有何面目立于天下！
HCH_005_081_000583	”遂欧血而死。
HCH_005_081_000584	向栩
HCH_005_081_000585	向栩字甫兴，河内朝歌人，向长之后也。
HCH_005_081_000586	少为书生，性卓诡不伦。
HCH_005_081_000587	恒读《 老子 》，状如学道。
HCH_005_081_000588	又似狂生，好被发，著绛绡头。
HCH_005_081_000589	常于灶北坐板床上，如是积久，板乃有膝踝足指之处。
HCH_005_081_000590	不好语言而喜长啸。
HCH_005_081_000591	宾客从就，辄伏而不视。
HCH_005_081_000592	有弟子，名为“颜渊”、“子贡”、“季路”、“冉有”之辈。
HCH_005_081_000593	或骑驴入市，乞丐于人。
HCH_005_081_000594	或悉要诸乞兒俱归止宿，为设酒食。
HCH_005_081_000595	时人莫能测之。
HCH_005_081_000596	郡礼请辟，举孝廉、贤良方正、有道，公府辟，皆不到。
HCH_005_081_000597	又与彭城姜肱、京兆韦著并征，栩不应。
HCH_005_081_000598	后特征，到，拜赵相。
HCH_005_081_000599	及之官，时人谓其必当脱素从俭，而栩更乘鲜车，御良马，世疑其始伪。
HCH_005_081_000600	及到官，略不视文书，舍中生蒿莱。
HCH_005_081_000601	征拜侍中，每朝廷大事，侃然正色，百官惮之。
HCH_005_081_000602	会张角作乱，栩上便宜，颇讥刺左右，不欲国家兴兵，但遣将于河上北向读《 孝经 》，贼自当消灭。
HCH_005_081_000603	中常侍张让谗栩不欲令国家命将出师，疑与角同心，欲为内应。
HCH_005_081_000604	收送黄门北寺狱，杀之。
HCH_005_081_000605	谅辅
HCH_005_081_000606	谅辅字汉儒，广汉新都人也。
HCH_005_081_000607	仕郡为五官掾。
HCH_005_081_000608	时夏大旱，太守自出祈祷山川，连日而无所降。
HCH_005_081_000609	辅乃自暴庭中，慷慨咒曰：“辅为股肱，不能进谏纳忠，荐贤退恶，和调阴阳，承顺天意，至令天地否隔，万物焦枯，百姓喁喁，无所诉告，咎尽在辅。
HCH_005_081_000610	今郡太守改服责己，为民祈福，精诚恳到，未有感彻。
HCH_005_081_000611	辅今敢自祈请，若至日中不雨，乞以身塞无状。
HCH_005_081_000612	”于是积薪柴聚茭茅以自环，搆火其旁，将自焚焉。
HCH_005_081_000613	未及日中时，而天云晦合，须臾澍雨，一郡沾润，世以此称其志诚。
HCH_005_081_000614	刘翊
HCH_005_081_000615	刘翊字子相，颍川颍阴人也。
HCH_005_081_000616	家世丰产，常能周旋而不有其惠。
HCH_005_081_000617	曾行于汝南界中，有陈国张季礼远赴师丧，遇寒冰车毁，顿滞道路。
HCH_005_081_000618	翊见而谓曰：“君慎终赴义，行宜速达。
HCH_005_081_000619	”即下车与之，不告姓名，自策马而去。
HCH_005_081_000620	季礼意其子相也，后故到颍阴，还所假乘。
HCH_005_081_000621	翊闭门辞行，不与相见。
HCH_005_081_000622	常守志卧疾，不屈聘命。
HCH_005_081_000623	河南种拂临郡，引为功曹，翊以拂名公之子，乃为起焉。
HCH_005_081_000624	拂以其择时而仕，甚敬任之。
HCH_005_081_000625	阳翟黄纲恃程夫人权力，求占山泽以自营植。
HCH_005_081_000626	拂召翊问曰：“程氏贵盛，在帝左右，不听则恐见怨，与之则夺民利，为之奈何？
HCH_005_081_000627	”翊曰：“名山大泽不以封，盖为民也。
HCH_005_081_000628	明府听之，则被佞B062之名矣。
HCH_005_081_000629	若以此获祸，贵子申甫，则自以不孤也。
HCH_005_081_000630	”拂从翊言，遂不与之。
HCH_005_081_000631	乃举翊为孝廉，不就。
HCH_005_081_000632	后黄巾贼起，郡县饥荒，翊救给乏绝，盗其食者数百人。
HCH_005_081_000633	乡族贫者，死亡则为具殡葬，嫠独则助营妻娶。
HCH_005_081_000634	献帝迁都西京，翊举上计掾。
HCH_005_081_000635	是时寇贼兴起，道路隔绝，使驿稀有达者。
HCH_005_081_000636	翊夜行昼伏，乃到长安。
HCH_005_081_000637	诏书嘉其忠勤，特拜议郎，迁陈留太守。
HCH_005_081_000638	翊散所握珍玩，唯余车马，自载东归。
HCH_005_081_000639	出关数百里，见士大夫病亡道次，翊以马易棺，脱衣敛之。
HCH_005_081_000640	又逢知故困馁于路，不忍委去，因杀所驾牛，以救其乏。
HCH_005_081_000641	众人止之，翊曰：“视没不救，非志士也。
HCH_005_081_000642	”遂俱饿死。
HCH_005_081_000643	王烈
HCH_005_081_000644	王烈字彦方，太原人也。
HCH_005_081_000645	少师事陈寔，以义行称乡里。
HCH_005_081_000646	有盗牛者，主得之，盗请罪曰：“刑戮是甘，乞不使王彦方知也。
HCH_005_081_000647	”烈闻而使人谢之，遗布一端。
HCH_005_081_000648	或问其故，烈曰：“盗惧吾闻其过，是有耻恶之心。
HCH_005_081_000649	既怀耻恶，必能改善，故以此激之。
HCH_005_081_000650	”后有老父遗剑于路，行道一人见而守之，至暮，老父还寻，得剑，怪而问其姓名，以事告烈。
HCH_005_081_000651	烈使推求，乃先盗牛者也。
HCH_005_081_000652	诸有争讼曲直，将质之于烈，或至涂而反，或望庐而还。
HCH_005_081_000653	其以德感人若此。
HCH_005_081_000654	察孝廉，三府并辟，皆不就。
HCH_005_081_000655	遭黄巾、董卓之乱，乃避地辽东，夷人尊奉之。
HCH_005_081_000656	太守公孙度接以昆弟之礼，访州政事，欲以为长史。
HCH_005_081_000657	烈乃为商贾自秽，得免。
HCH_005_081_000658	曹操闻烈高名，遣征不至。
HCH_005_081_000659	建安二十四年 ，终于辽东，年七十八。
HCH_005_081_000660	评语
HCH_005_081_000661	赞曰：乘方不忒，临义罔惑。
HCH_005_081_000662	惟此刚洁，果行育德。
